Date,Adj Close
,META
2023-01-03,123.97571563720703
2023-01-04,126.58961486816406
2023-01-05,126.16223907470703
2023-01-06,129.223388671875
2023-01-09,128.67672729492188
2023-01-10,132.1751708984375
2023-01-11,132.0758056640625
2023-01-12,135.87240600585938
2023-01-13,136.14073181152344
2023-01-17,134.53065490722656
2023-01-18,132.20501708984375
2023-01-19,135.31582641601562
2023-01-20,138.51608276367188
2023-01-23,142.39219665527344
2023-01-24,142.2629852294922
2023-01-25,140.63302612304688
2023-01-26,146.39752197265625
2023-01-27,150.81028747558594
2023-01-30,146.15895080566406
2023-01-31,148.05726623535156
2023-02-01,152.18185424804688
2023-02-02,187.61341857910156
2023-02-03,185.3871307373047
2023-02-06,184.92001342773438
2023-02-07,190.44598388671875
2023-02-08,182.30613708496094
2023-02-09,176.8298797607422
2023-02-10,173.08297729492188
2023-02-13,178.3306427001953
2023-02-14,178.3803253173828
2023-02-15,176.0745391845703
2023-02-16,171.38345336914062
2023-02-17,171.82077026367188
2023-02-21,171.0256805419922
2023-02-22,170.07156372070312
2023-02-23,170.9859161376953
2023-02-24,169.3460235595703
2023-02-27,168.501220703125
2023-02-28,173.86813354492188
2023-03-01,172.3574676513672
2023-03-02,173.4606475830078
2023-03-03,184.114990234375
2023-03-06,183.7671356201172
2023-03-07,183.3795166015625
2023-03-08,183.83668518066406
2023-03-09,180.57679748535156
2023-03-10,178.41014099121094
2023-03-13,179.79164123535156
2023-03-14,192.8312530517578
2023-03-15,196.5384063720703
2023-03-16,203.67442321777344
2023-03-17,194.41151428222656
2023-03-20,196.59803771972656
2023-03-21,200.92138671875
2023-03-22,198.5857696533203
2023-03-23,203.0283660888672
2023-03-24,204.7477569580078
2023-03-27,201.5972137451172
2023-03-28,199.45045471191406
2023-03-29,204.09182739257812
2023-03-30,206.5665740966797
2023-03-31,210.64144897460938
2023-04-03,211.76455688476562
2023-04-04,213.40440368652344
2023-04-05,210.1842803955078
2023-04-06,214.77597045898438
2023-04-10,213.43426513671875
2023-04-11,212.53976440429688
2023-04-12,212.68881225585938
2023-04-13,218.99993896484375
2023-04-14,220.1329345703125
2023-04-17,217.51904296875
2023-04-18,216.5550079345703
2023-04-19,214.37841796875
2023-04-20,211.76455688476562
2023-04-21,211.5856170654297
2023-04-24,211.48623657226562
2023-04-25,206.27835083007812
2023-04-26,208.1170196533203
2023-04-27,237.0983428955078
2023-04-28,238.8475799560547
2023-05-01,241.69004821777344
2023-05-02,237.77418518066406
2023-05-03,235.5777130126953
2023-05-04,232.0892333984375
2023-05-05,231.353759765625
2023-05-08,231.8407745361328
2023-05-09,231.94015502929688
2023-05-10,231.65194702148438
2023-05-11,234.34532165527344
2023-05-12,232.37744140625
2023-05-15,237.39649963378906
2023-05-16,237.3567657470703
2023-05-17,241.00428771972656
2023-05-18,245.33753967285156
2023-05-19,244.13497924804688
2023-05-22,246.798583984375
2023-05-23,245.22824096679688
2023-05-24,247.68312072753906
2023-05-25,251.1417694091797
2023-05-26,260.43450927734375
2023-05-30,260.91156005859375
2023-05-31,263.09808349609375
2023-06-01,270.939697265625
2023-06-02,270.939697265625
2023-06-05,269.72723388671875
2023-06-06,269.4588928222656
2023-06-07,261.98492431640625
2023-06-08,262.9588928222656
2023-06-09,263.3266906738281
2023-06-12,269.3893127441406
2023-06-13,269.65765380859375
2023-06-14,271.67523193359375
2023-06-15,280.103271484375
2023-06-16,279.27838134765625
2023-06-20,282.58795166015625
2023-06-21,279.9144592285156
2023-06-22,283.1345520019531
2023-06-23,286.96099853515625
2023-06-26,276.76385498046875
2023-06-27,285.2912902832031
2023-06-28,283.54205322265625
2023-06-29,279.8050537109375
2023-06-30,285.2217102050781
2023-07-03,284.2675476074219
2023-07-05,292.5664367675781
2023-07-06,290.2009582519531
2023-07-07,288.74993896484375
2023-07-10,292.298095703125
2023-07-11,296.46240234375
2023-07-12,307.44464111328125
2023-07-13,311.48974609375
2023-07-14,306.9775695800781
2023-07-17,308.7168273925781
2023-07-18,310.1380920410156
2023-07-19,314.0738525390625
2023-07-20,300.6664733886719
2023-07-21,292.45709228515625
2023-07-24,289.82330322265625
2023-07-25,292.66583251953125
2023-07-26,296.7406921386719
2023-07-27,309.8001403808594
2023-07-28,323.48577880859375
2023-07-31,316.64801025390625
2023-08-01,320.7327575683594
2023-08-02,312.3842468261719
2023-08-03,311.2711486816406
2023-08-04,308.8262023925781
2023-08-07,314.6204833984375
2023-08-08,310.7244873046875
2023-08-09,303.3399658203125
2023-08-10,303.8667297363281
2023-08-11,299.7919006347656
2023-08-14,304.3139343261719
2023-08-15,300.1000061035156
2023-08-16,292.48687744140625
2023-08-17,283.3432922363281
2023-08-18,281.5145263671875
2023-08-21,288.123779296875
2023-08-22,285.8379211425781
2023-08-23,292.4372253417969
2023-08-24,284.9930725097656
2023-08-25,283.7507629394531
2023-08-28,288.4815979003906
2023-08-29,296.1642150878906
2023-08-30,293.2919616699219
2023-08-31,294.07708740234375
2023-09-01,294.5641174316406
2023-09-05,298.3110046386719
2023-09-06,297.3370361328125
2023-09-07,296.8400573730469
2023-09-08,296.0648498535156
2023-09-11,305.6756286621094
2023-09-12,299.811767578125
2023-09-13,303.1909484863281
2023-09-14,309.81011962890625
2023-09-15,298.47003173828125
2023-09-18,300.6963195800781
2023-09-19,303.20086669921875
2023-09-20,297.833984375
2023-09-21,293.9180603027344
2023-09-22,297.2475280761719
2023-09-25,298.98681640625
2023-09-26,297.1282958984375
2023-09-27,295.915771484375
2023-09-28,302.09765625
2023-09-29,298.37060546875
2023-10-02,304.940185546875
2023-10-03,299.09613037109375
2023-10-04,303.7077331542969
2023-10-05,302.9225769042969
2023-10-06,313.4973449707031
2023-10-09,316.409423828125
2023-10-10,319.86810302734375
2023-10-11,325.8114929199219
2023-10-12,322.17388916015625
2023-10-13,312.76190185546875
2023-10-16,319.18231201171875
2023-10-17,322.01483154296875
2023-10-18,315.0279235839844
2023-10-19,310.8934631347656
2023-10-20,306.75897216796875
2023-10-23,312.08612060546875
2023-10-24,310.6350402832031
2023-10-25,297.6947937011719
2023-10-26,286.5832824707031
2023-10-27,294.9119567871094
2023-10-30,300.8056335449219
2023-10-31,299.42413330078125
2023-11-01,309.9393005371094
2023-11-02,308.96533203125
2023-11-03,312.6724853515625
2023-11-06,313.8651123046875
2023-11-07,316.8666076660156
2023-11-08,317.8207702636719
2023-11-09,318.58599853515625
2023-11-10,326.7556457519531
2023-11-13,327.1730651855469
2023-11-14,334.2494201660156
2023-11-15,330.6715087890625
2023-11-16,332.1424865722656
2023-11-17,332.9872131347656
2023-11-20,337.8869934082031
2023-11-21,334.91534423828125
2023-11-22,339.3976745605469
2023-11-24,336.15771484375
2023-11-27,332.6493225097656
2023-11-28,336.9129943847656
2023-11-29,330.1646728515625
2023-11-30,325.14556884765625
2023-12-01,322.8298645019531
2023-12-04,318.0592346191406
2023-12-05,316.3398742675781
2023-12-06,315.5050048828125
2023-12-07,324.5889892578125
2023-12-08,330.71124267578125
2023-12-11,323.2870178222656
2023-12-12,332.1722717285156
2023-12-13,332.6890563964844
2023-12-14,331.1286926269531
2023-12-15,332.86798095703125
2023-12-18,342.508544921875
2023-12-19,348.21337890625
2023-12-20,347.1399841308594
2023-12-21,351.9205017089844
2023-12-22,351.22479248046875
2023-12-26,352.656005859375
2023-12-27,355.6376037597656
2023-12-28,356.1246032714844
2023-12-29,351.7912902832031
2024-01-02,344.1683044433594
2024-01-03,342.35943603515625
2024-01-04,344.9931945800781
2024-01-05,349.79364013671875
2024-01-08,356.4625549316406
2024-01-09,355.2400207519531
2024-01-10,368.2001647949219
2024-01-11,367.40509033203125
2024-01-12,372.19549560546875
2024-01-16,365.20855712890625
2024-01-17,366.113037109375
2024-01-18,373.825439453125
2024-01-19,381.1006164550781
2024-01-22,379.4408264160156
2024-01-23,382.83990478515625
2024-01-24,388.30621337890625
2024-01-25,390.7710266113281
2024-01-26,391.72515869140625
2024-01-29,398.5629577636719
2024-01-30,397.60882568359375
2024-01-31,387.7496032714844
2024-02-01,392.3612365722656
2024-02-02,472.07977294921875
2024-02-05,456.59521484375
2024-02-06,451.9339599609375
2024-02-07,466.71282958984375
2024-02-08,467.1203308105469
2024-02-09,465.24188232421875
2024-02-12,466.0270690917969
2024-02-13,457.30084228515625
2024-02-14,470.3802795410156
2024-02-15,481.06439208984375
2024-02-16,470.4200439453125
2024-02-20,468.8595886230469
2024-02-21,465.65594482421875
2024-02-22,483.6641540527344
2024-02-23,481.5748291015625
2024-02-26,479.29638671875
2024-02-27,484.5794372558594
2024-02-28,481.5648193359375
2024-02-29,487.64385986328125
2024-03-01,499.7521057128906
2024-03-04,495.6629638671875
2024-03-05,487.7333984375
2024-03-06,493.5735778808594
2024-03-07,509.59197998046875
2024-03-08,503.3836364746094
2024-03-11,481.136962890625
2024-03-12,497.215087890625
2024-03-13,493.0562744140625
2024-03-14,489.335205078125
2024-03-15,481.6444396972656
2024-03-18,494.45916748046875
2024-03-19,493.7228698730469
2024-03-20,502.95574951171875
2024-03-21,505.1844177246094
2024-03-22,506.99517822265625
2024-03-25,500.4684753417969
2024-03-26,493.3746643066406
2024-03-27,491.35491943359375
2024-03-28,483.1169128417969
2024-04-01,488.8576354980469
2024-04-02,494.84710693359375
2024-04-03,504.16961669921875
2024-04-04,508.3284606933594
2024-04-05,524.6651000976562
2024-04-08,516.6161499023438
2024-04-09,514.2781372070312
2024-04-10,517.1932373046875
2024-04-11,520.5062866210938
2024-04-12,509.3034362792969
2024-04-15,497.692626953125
2024-04-16,497.2249755859375
2024-04-17,491.6633605957031
2024-04-18,499.2546081542969
2024-04-19,478.6298522949219
2024-04-22,479.2864074707031
2024-04-23,493.5835876464844
2024-04-24,490.9967346191406
2024-04-25,439.14117431640625
2024-04-26,441.0414733886719
2024-04-29,430.4255676269531
2024-04-30,427.98797607421875
2024-05-01,436.9622497558594
2024-05-02,439.4395751953125
2024-05-03,449.6674499511719
2024-05-06,463.3178405761719
2024-05-07,465.8648986816406
2024-05-08,470.2027893066406
2024-05-09,473.0084228515625
2024-05-10,473.7845153808594
2024-05-13,465.6361083984375
2024-05-14,469.4565734863281
2024-05-15,479.0974426269531
2024-05-16,470.8296203613281
2024-05-17,469.51629638671875
2024-05-20,466.46185302734375
2024-05-21,462.273193359375
2024-05-22,465.4072265625
2024-05-23,463.4173889160156
2024-05-24,475.79425048828125
2024-05-28,477.4856262207031
2024-05-29,471.95379638671875
2024-05-30,464.6809387207031
2024-05-31,464.4620361328125
2024-06-03,475.06793212890625
2024-06-04,474.57049560546875
2024-06-05,492.5488586425781
2024-06-06,491.25543212890625
2024-06-07,490.4595031738281
2024-06-10,500.05059814453125
2024-06-11,504.8959045410156
2024-06-12,506.2589111328125
2024-06-13,501.54302978515625
2024-06-14,502.1007080078125
2024-06-17,504.5606384277344
2024-06-18,497.4497375488281
2024-06-20,499.6507873535156
2024-06-21,492.759033203125
2024-06-24,496.8721618652344
2024-06-25,508.514404296875
2024-06-26,511.02410888671875
2024-06-27,517.4378051757812
2024-06-28,502.16046142578125
2024-07-01,502.6185607910156
2024-07-02,507.4189147949219
2024-07-03,507.8770446777344
2024-07-05,537.7046508789062
2024-07-08,527.1578979492188
2024-07-09,527.8351440429688
2024-07-10,532.5059814453125
2024-07-11,510.6058349609375
2024-07-12,496.83233642578125
2024-07-15,494.1333923339844
2024-07-16,487.7894287109375
2024-07-17,460.1029357910156
2024-07-18,473.9063720703125
2024-07-19,474.842529296875
2024-07-22,485.4091796875
2024-07-23,486.6938781738281
2024-07-24,459.3858947753906
2024-07-25,451.5579833984375
2024-07-26,463.7978210449219
2024-07-29,463.8077697753906
2024-07-30,461.2980651855469
2024-07-31,472.8905029296875
2024-08-01,495.7069396972656
2024-08-02,486.1461486816406
2024-08-05,473.786865234375
2024-08-06,492.07183837890625
2024-08-07,486.9229736328125
2024-08-08,507.54840087890625
2024-08-09,515.6551513671875
2024-08-12,513.8425903320312
2024-08-13,526.381103515625
2024-08-14,524.6083984375
2024-08-15,535.13525390625
2024-08-16,525.2656860351562
2024-08-19,527.1181640625
2024-08-20,524.5785522460938
2024-08-21,532.9740600585938
2024-08-22,529.7572631835938
2024-08-23,525.8433837890625
2024-08-26,518.991455078125
2024-08-27,516.9796752929688
2024-08-28,514.6692504882812
2024-08-29,516.103271484375
2024-08-30,519.1806640625
2024-09-03,509.669677734375
2024-09-04,510.6456298828125
2024-09-05,514.7489013671875
2024-09-06,498.2265930175781
2024-09-09,502.7281494140625
2024-09-10,502.7281494140625
2024-09-11,509.7393493652344
2024-09-12,523.4530639648438
2024-09-13,522.4771118164062
2024-09-16,531.6084594726562
2024-09-17,534.6389770507812
2024-09-18,536.2637939453125
2024-09-19,557.3474731445312
2024-09-20,559.5903930664062
2024-09-23,562.640869140625
2024-09-24,561.5642700195312
2024-09-25,566.5286254882812
2024-09-26,566.0601806640625
2024-09-27,565.5816040039062
2024-09-30,570.6456909179688
2024-10-01,574.6630249023438
2024-10-02,571.0145263671875
2024-10-03,580.9432983398438
2024-10-04,594.0720825195312
2024-10-07,582.9470825195312
2024-10-08,591.0316162109375
2024-10-09,588.6590576171875
2024-10-10,582.0
2024-10-11,588.1008911132812
2024-10-14,588.5693359375
2024-10-15,584.4323120117188
2024-10-16,574.9819946289062
2024-10-17,575.1216430664062
2024-10-18,574.6630249023438
2024-10-21,573.3571166992188
2024-10-22,580.1857299804688
2024-10-23,561.923095703125
2024-10-24,566.0003051757812
2024-10-25,571.453125
2024-10-28,576.3477172851562
2024-10-29,591.42041015625
2024-10-30,589.9449462890625
2024-10-31,565.8009643554688
2024-11-01,565.3822021484375
2024-11-04,558.9225463867188
2024-11-05,570.6356811523438
2024-11-06,570.2568969726562
2024-11-07,589.8453979492188
2024-11-08,587.4927368164062
2024-11-11,581.342041015625
2024-11-12,582.98681640625
2024-11-13,578.1820068359375
2024-11-14,575.3508911132812
2024-11-15,552.34326171875
2024-11-18,552.6622314453125
2024-11-19,559.331298828125
2024-11-20,563.7473754882812
2024-11-21,561.3250122070312
2024-11-22,557.3873901367188
2024-11-25,563.3386840820312
2024-11-26,571.7421875
2024-11-27,567.4158935546875
2024-11-29,572.519775390625
2024-12-02,590.9718017578125
2024-12-03,611.7265014648438
2024-12-04,611.8561401367188
2024-12-05,607.0213012695312
2024-12-06,621.8148193359375
2024-12-09,611.646728515625
2024-12-10,617.3787841796875
2024-12-11,630.6968383789062
2024-12-12,628.812744140625
2024-12-13,618.4054565429688
2024-12-16,622.7852783203125
2024-12-17,617.9964599609375
2024-12-18,595.7982788085938
2024-12-19,594.18212890625
2024-12-20,583.8861694335938
2024-12-23,598.4520874023438
2024-12-24,606.3336791992188
2024-12-26,601.9439697265625
2024-12-27,598.4121704101562
2024-12-30,589.8621215820312
2024-12-31,584.1455688476562
2025-01-02,597.8435668945312
2025-01-03,603.2210083007812
2025-01-06,628.7313842773438
2025-01-07,616.4500732421875
2025-01-08,609.2967529296875
2025-01-10,614.4247436523438
2025-01-13,606.912353515625
2025-01-14,592.8651123046875
2025-01-15,615.681884765625
2025-01-16,609.8754272460938
2025-01-17,611.342041015625
2025-01-21,615.0234375
2025-01-22,622.0469970703125
2025-01-23,634.966796875
2025-01-24,645.9810791015625
2025-01-27,658.3422241210938
2025-01-28,672.7586059570312
2025-01-29,674.9134521484375
2025-01-30,685.3989868164062
2025-01-31,687.573974609375
2025-02-03,695.8345947265625
2025-02-04,702.5489501953125
2025-02-05,703.2273559570312
2025-02-06,710.3307495117188
2025-02-07,712.8548583984375
2025-02-10,715.7281494140625
2025-02-11,718.12255859375
2025-02-12,723.6895751953125
2025-02-13,726.8621826171875
2025-02-14,734.9531860351562
2025-02-18,714.7005615234375
2025-02-19,702.1299438476562
2025-02-20,693.220703125
2025-02-21,681.95703125
2025-02-24,666.572998046875
2025-02-25,655.9677734375
2025-02-26,672.1300659179688
2025-02-27,656.7060546875
2025-02-28,666.6428833007812
2025-03-03,653.5234985351562
2025-03-04,638.508544921875
2025-03-05,654.9401245117188
2025-03-06,626.4666137695312
2025-03-07,624.201904296875
2025-03-10,596.596435546875
2025-03-11,604.2984619140625
2025-03-12,618.1162109375
2025-03-13,589.2636108398438
2025-03-14,606.7233276367188
2025-03-17,604.0272827148438
2025-03-18,581.5197143554688
2025-03-19,583.2173461914062
2025-03-20,585.1544799804688
2025-03-21,595.3897094726562
2025-03-24,617.9570922851562
2025-03-25,625.4063720703125
2025-03-26,610.0984497070312
2025-03-27,601.7105712890625
2025-03-28,575.9078369140625
2025-03-31,575.5284423828125
2025-04-01,585.1544799804688
2025-04-02,583.0874633789062
2025-04-03,530.8529663085938
2025-04-04,504.00177001953125
2025-04-07,515.505126953125
2025-04-08,509.7135314941406
2025-04-09,584.9248657226562
2025-04-10,545.5018310546875
2025-04-11,542.7857666015625
2025-04-14,530.713134765625
2025-04-15,520.767578125
2025-04-16,501.58526611328125
2025-04-17,500.7564697265625
2025-04-21,483.9607238769531
2025-04-22,499.5581970214844
2025-04-23,519.5193481445312
2025-04-24,532.3807983398438
2025-04-25,546.4804077148438
2025-04-28,548.9468383789062
2025-04-29,553.6400756835938
2025-04-30,548.2078857421875
2025-05-01,571.3843994140625
2025-05-02,596.15869140625
2025-05-05,598.4053955078125
2025-05-06,586.462646484375
2025-05-07,595.9489135742188
2025-05-08,597.147216796875
2025-05-09,591.6351928710938
2025-05-12,638.5073852539062
2025-05-13,655.08349609375
2025-05-14,658.4086303710938
2025-05-15,642.9509887695312
2025-05-16,639.4161376953125
2025-05-19,639.5059814453125
2025-05-20,636.1807861328125
2025-05-21,634.5831298828125
2025-05-22,635.6515502929688
2025-05-23,626.1552734375
2025-05-27,641.3932495117188
2025-05-28,642.6514282226562
2025-05-29,644.1193237304688
2025-05-30,646.5557861328125
2025-06-02,669.9320678710938
2025-06-03,665.8878173828125
2025-06-04,686.9573974609375
2025-06-05,683.6322021484375
2025-06-06,696.703369140625
2025-06-09,693.05859375
2025-06-10,701.3865966796875
2025-06-11,693.1384887695312
2025-06-12,692.359619140625
2025-06-13,681.884765625
2025-06-16,701.6464233398438
2025-06-17,696.7597045898438
2025-06-18,695.3007202148438
2025-06-20,681.8897094726562
2025-06-23,698.0588989257812
2025-06-24,711.7196655273438
2025-06-25,708.2020263671875
2025-06-26,725.6002807617188
2025-06-27,733.1351928710938
